date	close
1-May-2012	582.13
30-Apr-2012	583.98
27-Apr-2012	603.00
26-Apr-2012	607.70
25-Apr-2012	610.00
24-Apr-2012	560.28
23-Apr-2012	571.70
20-Apr-2012	572.98
19-Apr-2012	587.44
18-Apr-2012	608.34
17-Apr-2012	609.70
16-Apr-2012	580.13
13-Apr-2012	605.23
12-Apr-2012	622.77
11-Apr-2012	626.20
10-Apr-2012	628.44
9-Apr-2012	636.23
5-Apr-2012	633.68
4-Apr-2012	624.31
3-Apr-2012	629.32
2-Apr-2012	618.63
30-Mar-2012	599.55
29-Mar-2012	609.86
28-Mar-2012	617.62
27-Mar-2012	614.48
26-Mar-2012	606.98
23-Mar-2012	596.05
22-Mar-2012	599.34
21-Mar-2012	602.50
20-Mar-2012	605.96
19-Mar-2012	601.10
16-Mar-2012	585.57
15-Mar-2012	585.56
14-Mar-2012	589.58
13-Mar-2012	568.10
12-Mar-2012	552.00
9-Mar-2012	545.17
8-Mar-2012	541.99
7-Mar-2012	530.69
6-Mar-2012	530.26
5-Mar-2012	533.16
2-Mar-2012	545.18
1-Mar-2012	544.47
29-Feb-2012	542.44
28-Feb-2012	535.41
27-Feb-2012	525.76
24-Feb-2012	522.41
23-Feb-2012	516.39
22-Feb-2012	513.04
21-Feb-2012	514.85
17-Feb-2012	502.12
16-Feb-2012	502.21
15-Feb-2012	497.67
14-Feb-2012	509.46
13-Feb-2012	502.60
10-Feb-2012	493.42
9-Feb-2012	493.17
8-Feb-2012	476.68
7-Feb-2012	468.83
6-Feb-2012	463.97
3-Feb-2012	459.68
2-Feb-2012	455.12
1-Feb-2012	456.19
31-Jan-2012	456.48
30-Jan-2012	453.01
27-Jan-2012	447.28
26-Jan-2012	444.63
25-Jan-2012	446.66
24-Jan-2012	420.41
23-Jan-2012	427.41
20-Jan-2012	420.30
19-Jan-2012	427.75
18-Jan-2012	429.11
17-Jan-2012	424.70
13-Jan-2012	419.81
12-Jan-2012	421.39
11-Jan-2012	422.55
10-Jan-2012	423.24
9-Jan-2012	421.73
6-Jan-2012	422.40
5-Jan-2012	418.03
4-Jan-2012	413.44
3-Jan-2012	411.23
30-Dec-2011	405.00
29-Dec-2011	405.12
28-Dec-2011	402.64
27-Dec-2011	406.53
23-Dec-2011	403.43
22-Dec-2011	398.55
21-Dec-2011	396.44
20-Dec-2011	395.95
19-Dec-2011	382.21
16-Dec-2011	381.02
15-Dec-2011	378.94
14-Dec-2011	380.19
13-Dec-2011	388.81
12-Dec-2011	391.84
9-Dec-2011	393.62
8-Dec-2011	390.66
7-Dec-2011	389.09
6-Dec-2011	390.95
5-Dec-2011	393.01
2-Dec-2011	389.70
1-Dec-2011	387.93
30-Nov-2011	382.20
29-Nov-2011	373.20
28-Nov-2011	376.12
25-Nov-2011	363.57
23-Nov-2011	366.99
22-Nov-2011	376.51
21-Nov-2011	369.01
18-Nov-2011	374.94
17-Nov-2011	377.41
16-Nov-2011	384.77
15-Nov-2011	388.83
14-Nov-2011	379.26
11-Nov-2011	384.62
10-Nov-2011	385.22
9-Nov-2011	395.28
8-Nov-2011	406.23
7-Nov-2011	399.73
4-Nov-2011	400.24
3-Nov-2011	403.07
2-Nov-2011	397.41
1-Nov-2011	396.51
31-Oct-2011	404.78
28-Oct-2011	404.95
27-Oct-2011	404.69
26-Oct-2011	400.60
25-Oct-2011	397.77
24-Oct-2011	405.77
21-Oct-2011	392.87
20-Oct-2011	395.31
19-Oct-2011	398.62
18-Oct-2011	422.24
17-Oct-2011	419.99
14-Oct-2011	422.00
13-Oct-2011	408.43
12-Oct-2011	402.19
11-Oct-2011	400.29
10-Oct-2011	388.81
7-Oct-2011	369.80
6-Oct-2011	377.37
5-Oct-2011	378.25
4-Oct-2011	372.50
3-Oct-2011	374.60
30-Sep-2011	381.32
29-Sep-2011	390.57
28-Sep-2011	397.01
27-Sep-2011	399.26
26-Sep-2011	403.17
23-Sep-2011	404.30
22-Sep-2011	401.82
21-Sep-2011	412.14
20-Sep-2011	413.45
19-Sep-2011	411.63
16-Sep-2011	400.50
15-Sep-2011	392.96
14-Sep-2011	389.30
13-Sep-2011	384.62
12-Sep-2011	379.94
9-Sep-2011	377.48
8-Sep-2011	384.14
7-Sep-2011	383.93
6-Sep-2011	379.74
2-Sep-2011	374.05
1-Sep-2011	381.03
31-Aug-2011	384.83
30-Aug-2011	389.99
29-Aug-2011	389.97
26-Aug-2011	383.58
25-Aug-2011	373.72
24-Aug-2011	376.18
23-Aug-2011	373.60
22-Aug-2011	356.44
19-Aug-2011	356.03
18-Aug-2011	366.05
17-Aug-2011	380.44
16-Aug-2011	380.48
15-Aug-2011	383.41
12-Aug-2011	376.99
11-Aug-2011	373.70
10-Aug-2011	363.69
9-Aug-2011	374.01
8-Aug-2011	353.21
5-Aug-2011	373.62
4-Aug-2011	377.37
3-Aug-2011	392.57
2-Aug-2011	388.91
1-Aug-2011	396.75
29-Jul-2011	390.48
28-Jul-2011	391.82
27-Jul-2011	392.59
26-Jul-2011	403.41
25-Jul-2011	398.50
22-Jul-2011	393.30
21-Jul-2011	387.29
20-Jul-2011	386.90
19-Jul-2011	376.85
18-Jul-2011	373.80
15-Jul-2011	364.92
14-Jul-2011	357.77
13-Jul-2011	358.02
12-Jul-2011	353.75
11-Jul-2011	354.00
8-Jul-2011	359.71
7-Jul-2011	357.20
6-Jul-2011	351.76
5-Jul-2011	349.43
1-Jul-2011	343.26
30-Jun-2011	335.67
29-Jun-2011	334.04
28-Jun-2011	335.26
27-Jun-2011	332.04
24-Jun-2011	326.35
23-Jun-2011	331.23
22-Jun-2011	322.61
21-Jun-2011	325.30
20-Jun-2011	315.32
17-Jun-2011	320.26
16-Jun-2011	325.16
15-Jun-2011	326.75
14-Jun-2011	332.44
13-Jun-2011	326.60
10-Jun-2011	325.90
9-Jun-2011	331.49
8-Jun-2011	332.24
7-Jun-2011	332.04
6-Jun-2011	338.04
3-Jun-2011	343.44
2-Jun-2011	346.10
1-Jun-2011	345.51
31-May-2011	347.83
27-May-2011	337.41
26-May-2011	335.00
25-May-2011	336.78
24-May-2011	332.19
23-May-2011	334.40
20-May-2011	335.22
19-May-2011	340.53
18-May-2011	339.87
17-May-2011	336.14
16-May-2011	333.30
13-May-2011	340.50
12-May-2011	346.57
11-May-2011	347.23
10-May-2011	349.45
9-May-2011	347.60
6-May-2011	346.66
5-May-2011	346.75
4-May-2011	349.57
3-May-2011	348.20
2-May-2011	346.28
29-Apr-2011	350.13
28-Apr-2011	346.75
27-Apr-2011	350.15
26-Apr-2011	350.42
25-Apr-2011	353.01
21-Apr-2011	350.70
20-Apr-2011	342.41
19-Apr-2011	337.86
18-Apr-2011	331.85
15-Apr-2011	327.46
14-Apr-2011	332.42
13-Apr-2011	336.13
12-Apr-2011	332.40
11-Apr-2011	330.80
8-Apr-2011	335.06
7-Apr-2011	338.08
6-Apr-2011	338.04
5-Apr-2011	338.89
4-Apr-2011	341.19
1-Apr-2011	344.56
31-Mar-2011	348.51
30-Mar-2011	348.63
29-Mar-2011	350.96
28-Mar-2011	350.44
25-Mar-2011	351.54
24-Mar-2011	344.97
23-Mar-2011	339.19
22-Mar-2011	341.20
21-Mar-2011	339.30
18-Mar-2011	330.67
17-Mar-2011	334.64
16-Mar-2011	330.01
15-Mar-2011	345.43
14-Mar-2011	353.56
11-Mar-2011	351.99
10-Mar-2011	346.67
9-Mar-2011	352.47
8-Mar-2011	355.76
7-Mar-2011	355.36
4-Mar-2011	360.00
3-Mar-2011	359.56
2-Mar-2011	352.12
1-Mar-2011	349.31
28-Feb-2011	353.21
25-Feb-2011	348.16
24-Feb-2011	342.88
23-Feb-2011	342.62
22-Feb-2011	338.61
18-Feb-2011	350.56
17-Feb-2011	358.30
16-Feb-2011	363.13
15-Feb-2011	359.90
14-Feb-2011	359.18
11-Feb-2011	356.85
10-Feb-2011	354.54
9-Feb-2011	358.16
8-Feb-2011	355.20
7-Feb-2011	351.88
4-Feb-2011	346.50
3-Feb-2011	343.44
2-Feb-2011	344.32
1-Feb-2011	345.03
31-Jan-2011	339.32
28-Jan-2011	336.10
27-Jan-2011	343.21
26-Jan-2011	343.85
25-Jan-2011	341.40
24-Jan-2011	337.45
21-Jan-2011	326.72
20-Jan-2011	332.68
19-Jan-2011	338.84
18-Jan-2011	340.65
14-Jan-2011	348.48
13-Jan-2011	345.68
12-Jan-2011	344.42
11-Jan-2011	341.64
10-Jan-2011	342.46
7-Jan-2011	336.12
6-Jan-2011	333.73
5-Jan-2011	334.00
4-Jan-2011	331.29
3-Jan-2011	329.57
31-Dec-2010	322.56
30-Dec-2010	323.66
29-Dec-2010	325.29
28-Dec-2010	325.47
27-Dec-2010	324.68
23-Dec-2010	323.60
22-Dec-2010	325.16
21-Dec-2010	324.20
20-Dec-2010	322.21
17-Dec-2010	320.61
16-Dec-2010	321.25
15-Dec-2010	320.36
14-Dec-2010	320.29
13-Dec-2010	321.67
10-Dec-2010	320.56
9-Dec-2010	319.76
8-Dec-2010	321.01
7-Dec-2010	318.21
6-Dec-2010	320.15
3-Dec-2010	317.44
2-Dec-2010	318.15
1-Dec-2010	316.40
30-Nov-2010	311.15
29-Nov-2010	316.87
26-Nov-2010	315.00
24-Nov-2010	314.80
23-Nov-2010	308.73
22-Nov-2010	313.36
19-Nov-2010	306.73
18-Nov-2010	308.43
17-Nov-2010	300.50
16-Nov-2010	301.59
15-Nov-2010	307.04
12-Nov-2010	308.03
11-Nov-2010	316.66
10-Nov-2010	318.03
9-Nov-2010	316.08
8-Nov-2010	318.62
5-Nov-2010	317.13
4-Nov-2010	318.27
3-Nov-2010	312.80
2-Nov-2010	309.36
1-Nov-2010	304.18
29-Oct-2010	300.98
28-Oct-2010	305.24
27-Oct-2010	307.83
26-Oct-2010	308.05
25-Oct-2010	308.84
22-Oct-2010	307.47
21-Oct-2010	309.52
20-Oct-2010	310.53
19-Oct-2010	309.49
18-Oct-2010	318.00
15-Oct-2010	314.74
14-Oct-2010	302.31
13-Oct-2010	300.14
12-Oct-2010	298.54
11-Oct-2010	295.36
8-Oct-2010	294.07
7-Oct-2010	289.22
6-Oct-2010	289.19
5-Oct-2010	288.94
4-Oct-2010	278.64
1-Oct-2010	282.52
30-Sep-2010	283.75
29-Sep-2010	287.37
28-Sep-2010	286.86
27-Sep-2010	291.16
24-Sep-2010	292.32
23-Sep-2010	288.92
22-Sep-2010	287.75
21-Sep-2010	283.77
20-Sep-2010	283.23
17-Sep-2010	275.37
16-Sep-2010	276.57
15-Sep-2010	270.22
14-Sep-2010	268.06
13-Sep-2010	267.04
10-Sep-2010	263.41
9-Sep-2010	263.07
8-Sep-2010	262.92
7-Sep-2010	257.81
6-Sep-2010	258.77
3-Sep-2010	258.77
2-Sep-2010	252.17
1-Sep-2010	250.33
31-Aug-2010	243.10
30-Aug-2010	242.50
27-Aug-2010	241.62
26-Aug-2010	240.28
25-Aug-2010	242.89
24-Aug-2010	239.93
23-Aug-2010	245.80
20-Aug-2010	249.64
19-Aug-2010	249.88
18-Aug-2010	253.07
17-Aug-2010	251.97
16-Aug-2010	247.64
13-Aug-2010	249.10
12-Aug-2010	251.79
11-Aug-2010	250.19
10-Aug-2010	259.41
9-Aug-2010	261.75
6-Aug-2010	260.09
5-Aug-2010	261.70
4-Aug-2010	262.98
3-Aug-2010	261.93
2-Aug-2010	261.85
30-Jul-2010	257.25
29-Jul-2010	258.11
28-Jul-2010	260.96
27-Jul-2010	264.08
26-Jul-2010	259.28
23-Jul-2010	259.94
22-Jul-2010	259.02
21-Jul-2010	254.24
20-Jul-2010	251.89
19-Jul-2010	245.58
16-Jul-2010	249.90
15-Jul-2010	251.45
14-Jul-2010	252.73
13-Jul-2010	251.80
12-Jul-2010	257.28
9-Jul-2010	259.62
8-Jul-2010	258.09
7-Jul-2010	258.66
6-Jul-2010	248.63
5-Jul-2010	246.94
2-Jul-2010	246.94
1-Jul-2010	248.48
30-Jun-2010	251.53
29-Jun-2010	256.17
28-Jun-2010	268.30
25-Jun-2010	266.70
24-Jun-2010	269.00
23-Jun-2010	270.97
22-Jun-2010	273.85
21-Jun-2010	270.17
18-Jun-2010	274.07
17-Jun-2010	271.87
16-Jun-2010	267.25
15-Jun-2010	259.69
14-Jun-2010	254.28
11-Jun-2010	253.51
10-Jun-2010	250.51
9-Jun-2010	243.20
8-Jun-2010	249.33
7-Jun-2010	250.94
4-Jun-2010	255.96
3-Jun-2010	263.12
2-Jun-2010	263.95
1-Jun-2010	260.83
31-May-2010	256.88
28-May-2010	256.88
27-May-2010	253.35
26-May-2010	244.11
25-May-2010	245.22
24-May-2010	246.76
21-May-2010	242.32
20-May-2010	237.76
19-May-2010	248.34
18-May-2010	252.36
17-May-2010	254.22
14-May-2010	253.82
13-May-2010	258.36
12-May-2010	262.09
11-May-2010	256.52
10-May-2010	253.99
7-May-2010	235.86
6-May-2010	246.25
5-May-2010	255.98
4-May-2010	258.68
3-May-2010	266.35
30-Apr-2010	261.09
29-Apr-2010	268.64
28-Apr-2010	261.60
27-Apr-2010	262.04
26-Apr-2010	269.50
23-Apr-2010	270.83
22-Apr-2010	266.47
21-Apr-2010	259.22
20-Apr-2010	244.59
19-Apr-2010	247.07
16-Apr-2010	247.40
15-Apr-2010	248.92
14-Apr-2010	245.69
13-Apr-2010	242.43
12-Apr-2010	242.29
9-Apr-2010	241.79
8-Apr-2010	239.95
7-Apr-2010	240.60
6-Apr-2010	239.54
5-Apr-2010	238.49
2-Apr-2010	235.97
1-Apr-2010	235.97
31-Mar-2010	235.00
30-Mar-2010	235.84
29-Mar-2010	232.39
26-Mar-2010	230.90
25-Mar-2010	226.65
24-Mar-2010	229.37
23-Mar-2010	228.36
22-Mar-2010	224.75
19-Mar-2010	222.25
18-Mar-2010	224.65
17-Mar-2010	224.12
16-Mar-2010	224.45
15-Mar-2010	223.84
12-Mar-2010	226.60
11-Mar-2010	225.50
10-Mar-2010	224.84
9-Mar-2010	223.02
8-Mar-2010	219.08
5-Mar-2010	218.95
4-Mar-2010	210.71
3-Mar-2010	209.33
2-Mar-2010	208.85
1-Mar-2010	208.99
26-Feb-2010	204.62
25-Feb-2010	202.00
24-Feb-2010	200.66
23-Feb-2010	197.06
22-Feb-2010	200.42
19-Feb-2010	201.67
18-Feb-2010	202.93
17-Feb-2010	202.55
16-Feb-2010	203.40
15-Feb-2010	200.38
12-Feb-2010	200.38
11-Feb-2010	198.67
10-Feb-2010	195.12
9-Feb-2010	196.19
8-Feb-2010	194.12
5-Feb-2010	195.46
4-Feb-2010	192.05
3-Feb-2010	199.23
2-Feb-2010	195.86
1-Feb-2010	194.73
29-Jan-2010	192.06
28-Jan-2010	199.29
27-Jan-2010	207.88
26-Jan-2010	205.94
25-Jan-2010	203.08
22-Jan-2010	197.75
21-Jan-2010	208.07
20-Jan-2010	211.72
19-Jan-2010	215.04
18-Jan-2010	205.93
15-Jan-2010	205.93
14-Jan-2010	209.43
13-Jan-2010	210.65
12-Jan-2010	207.72
11-Jan-2010	210.11
8-Jan-2010	211.98
7-Jan-2010	210.58
6-Jan-2010	210.97
5-Jan-2010	214.38
4-Jan-2010	214.01
1-Jan-2010	210.73
31-Dec-2009	210.73
30-Dec-2009	211.64
29-Dec-2009	209.10
28-Dec-2009	211.61
25-Dec-2009	209.04
24-Dec-2009	209.04
23-Dec-2009	202.10
22-Dec-2009	200.36
21-Dec-2009	198.23
18-Dec-2009	195.43
17-Dec-2009	191.86
16-Dec-2009	195.03
15-Dec-2009	194.17
14-Dec-2009	196.98
11-Dec-2009	194.67
10-Dec-2009	196.43
9-Dec-2009	197.80
8-Dec-2009	189.87
7-Dec-2009	188.95
4-Dec-2009	193.32
3-Dec-2009	196.48
2-Dec-2009	196.23
1-Dec-2009	196.97
30-Nov-2009	199.91
27-Nov-2009	200.59
26-Nov-2009	204.19
25-Nov-2009	204.19
24-Nov-2009	204.44
23-Nov-2009	205.88
20-Nov-2009	199.92
19-Nov-2009	200.51
18-Nov-2009	205.96
17-Nov-2009	207.00
16-Nov-2009	206.63
13-Nov-2009	204.45
12-Nov-2009	201.99
11-Nov-2009	203.25
10-Nov-2009	202.98
9-Nov-2009	201.46
6-Nov-2009	194.34
5-Nov-2009	194.03
4-Nov-2009	190.81
3-Nov-2009	188.75
2-Nov-2009	189.31
30-Oct-2009	188.50
29-Oct-2009	196.35
28-Oct-2009	192.40
27-Oct-2009	197.37
26-Oct-2009	202.48
23-Oct-2009	203.94
22-Oct-2009	205.20
21-Oct-2009	204.92
20-Oct-2009	198.76
19-Oct-2009	189.86
16-Oct-2009	188.05
15-Oct-2009	190.56
14-Oct-2009	191.29
13-Oct-2009	190.02
12-Oct-2009	190.81
9-Oct-2009	190.47
8-Oct-2009	189.27
7-Oct-2009	190.25
6-Oct-2009	190.01
5-Oct-2009	186.02
2-Oct-2009	184.90
1-Oct-2009	180.86
30-Sep-2009	185.35
29-Sep-2009	185.38
28-Sep-2009	186.15
25-Sep-2009	182.37
24-Sep-2009	183.82
23-Sep-2009	185.50
22-Sep-2009	184.48
21-Sep-2009	184.02
18-Sep-2009	185.02
17-Sep-2009	184.55
16-Sep-2009	181.87
15-Sep-2009	175.16
14-Sep-2009	173.72
11-Sep-2009	172.16
10-Sep-2009	172.56
9-Sep-2009	171.14
8-Sep-2009	172.93
4-Sep-2009	170.31
3-Sep-2009	166.55
2-Sep-2009	165.18
1-Sep-2009	165.30
31-Aug-2009	168.21
28-Aug-2009	170.05
27-Aug-2009	169.45
26-Aug-2009	167.41
25-Aug-2009	169.40
24-Aug-2009	169.06
21-Aug-2009	169.22
20-Aug-2009	166.33
19-Aug-2009	164.60
18-Aug-2009	164.00
17-Aug-2009	159.59
14-Aug-2009	166.78
13-Aug-2009	168.42
12-Aug-2009	165.31
10-Aug-2009	164.72
7-Aug-2009	165.51
6-Aug-2009	163.91
5-Aug-2009	165.11
4-Aug-2009	165.55
3-Aug-2009	166.43
31-Jul-2009	163.39
30-Jul-2009	162.79
29-Jul-2009	160.03
28-Jul-2009	160.00
27-Jul-2009	160.10
24-Jul-2009	159.99
23-Jul-2009	157.82
22-Jul-2009	156.74
21-Jul-2009	151.51
20-Jul-2009	152.91
17-Jul-2009	151.75
16-Jul-2009	147.52
15-Jul-2009	146.88
14-Jul-2009	142.27
13-Jul-2009	142.34
10-Jul-2009	138.52
9-Jul-2009	136.36
8-Jul-2009	137.22
7-Jul-2009	135.40
6-Jul-2009	138.61
3-Jul-2009	140.02
2-Jul-2009	140.02
1-Jul-2009	142.83
30-Jun-2009	142.43
29-Jun-2009	141.97
26-Jun-2009	142.44
25-Jun-2009	139.86
24-Jun-2009	136.22
23-Jun-2009	134.01
22-Jun-2009	137.37
19-Jun-2009	139.48
18-Jun-2009	135.88
17-Jun-2009	135.58
16-Jun-2009	136.35
15-Jun-2009	136.09
12-Jun-2009	136.97
11-Jun-2009	139.95
10-Jun-2009	140.25
9-Jun-2009	142.72
8-Jun-2009	143.85
5-Jun-2009	144.67
4-Jun-2009	143.74
3-Jun-2009	140.95
2-Jun-2009	139.49
1-Jun-2009	139.35
29-May-2009	135.81
28-May-2009	135.07
27-May-2009	133.05
26-May-2009	130.78
22-May-2009	122.50
21-May-2009	124.18
20-May-2009	125.87
19-May-2009	127.45
18-May-2009	126.65
15-May-2009	122.42
14-May-2009	122.95
13-May-2009	119.49
12-May-2009	124.42
11-May-2009	129.57
8-May-2009	129.19
7-May-2009	129.06
6-May-2009	132.50
5-May-2009	132.71
4-May-2009	132.07
1-May-2009	127.24
30-Apr-2009	125.83
29-Apr-2009	125.14
28-Apr-2009	123.90
27-Apr-2009	124.73
24-Apr-2009	123.90
23-Apr-2009	125.40
22-Apr-2009	121.51
21-Apr-2009	121.76
20-Apr-2009	120.50
17-Apr-2009	123.42
16-Apr-2009	121.45
15-Apr-2009	117.64
14-Apr-2009	118.31
13-Apr-2009	120.22
10-Apr-2009	119.57
9-Apr-2009	119.57
8-Apr-2009	116.32
7-Apr-2009	115.00
6-Apr-2009	118.45
3-Apr-2009	115.99
2-Apr-2009	112.71
1-Apr-2009	108.69
31-Mar-2009	105.12
30-Mar-2009	104.49
27-Mar-2009	106.85
26-Mar-2009	109.87
25-Mar-2009	106.49
24-Mar-2009	106.50
23-Mar-2009	107.66
20-Mar-2009	101.59
19-Mar-2009	101.62
18-Mar-2009	101.52
17-Mar-2009	99.66
16-Mar-2009	95.42
13-Mar-2009	95.93
12-Mar-2009	96.35
11-Mar-2009	92.68
10-Mar-2009	88.63
9-Mar-2009	83.11
6-Mar-2009	85.30
5-Mar-2009	88.84
4-Mar-2009	91.17
3-Mar-2009	88.37
2-Mar-2009	87.94
27-Feb-2009	89.31
26-Feb-2009	89.19
25-Feb-2009	91.16
24-Feb-2009	90.25
23-Feb-2009	86.95
20-Feb-2009	91.20
19-Feb-2009	90.64
18-Feb-2009	94.37
17-Feb-2009	94.53
13-Feb-2009	99.16
12-Feb-2009	99.27
11-Feb-2009	96.82
10-Feb-2009	97.83
9-Feb-2009	102.51
6-Feb-2009	99.72
5-Feb-2009	96.46
4-Feb-2009	93.55
3-Feb-2009	92.98
2-Feb-2009	91.51
30-Jan-2009	90.13
29-Jan-2009	93.00
28-Jan-2009	94.20
27-Jan-2009	90.73
26-Jan-2009	89.64
23-Jan-2009	88.36
22-Jan-2009	88.36
21-Jan-2009	82.83
20-Jan-2009	78.20
16-Jan-2009	82.33
15-Jan-2009	83.38
14-Jan-2009	85.33
13-Jan-2009	87.71
12-Jan-2009	88.66
9-Jan-2009	90.58
8-Jan-2009	92.70
7-Jan-2009	91.01
6-Jan-2009	93.02
5-Jan-2009	94.58
2-Jan-2009	90.75
1-Jan-2009	85.35
31-Dec-2008	85.35
30-Dec-2008	86.29
29-Dec-2008	86.61
26-Dec-2008	85.81
25-Dec-2008	85.04
24-Dec-2008	85.04
23-Dec-2008	86.38
22-Dec-2008	85.74
19-Dec-2008	90.00
18-Dec-2008	89.43
17-Dec-2008	89.16
16-Dec-2008	95.43
15-Dec-2008	94.75
12-Dec-2008	98.27
11-Dec-2008	95.00
10-Dec-2008	98.21
9-Dec-2008	100.06
8-Dec-2008	99.72
5-Dec-2008	94.00
4-Dec-2008	91.41
3-Dec-2008	95.90
2-Dec-2008	92.47
1-Dec-2008	88.93
28-Nov-2008	92.67
27-Nov-2008	95.00
26-Nov-2008	95.00
25-Nov-2008	90.80
24-Nov-2008	92.95
21-Nov-2008	82.58
20-Nov-2008	80.49
19-Nov-2008	86.29
18-Nov-2008	89.91
17-Nov-2008	88.14
14-Nov-2008	90.24
13-Nov-2008	96.44
12-Nov-2008	90.12
11-Nov-2008	94.77
10-Nov-2008	95.88
7-Nov-2008	98.24
6-Nov-2008	99.10
5-Nov-2008	103.30
4-Nov-2008	110.99
3-Nov-2008	106.96
31-Oct-2008	107.59
30-Oct-2008	111.04
29-Oct-2008	104.55
28-Oct-2008	99.91
27-Oct-2008	92.09
24-Oct-2008	96.38
23-Oct-2008	98.23
22-Oct-2008	96.87
21-Oct-2008	91.49
20-Oct-2008	98.44
17-Oct-2008	97.40
16-Oct-2008	101.89
15-Oct-2008	97.95
14-Oct-2008	104.08
13-Oct-2008	110.26
10-Oct-2008	96.80
9-Oct-2008	88.74
8-Oct-2008	89.79
7-Oct-2008	89.16
6-Oct-2008	98.14
3-Oct-2008	97.07
2-Oct-2008	100.10
1-Oct-2008	109.12
30-Sep-2008	113.66
29-Sep-2008	105.26
26-Sep-2008	128.24
25-Sep-2008	131.93
24-Sep-2008	128.71
23-Sep-2008	126.84
22-Sep-2008	131.05
19-Sep-2008	140.91
18-Sep-2008	134.09
17-Sep-2008	127.83
16-Sep-2008	139.88
15-Sep-2008	140.36
12-Sep-2008	148.94
11-Sep-2008	152.65
10-Sep-2008	151.61
9-Sep-2008	151.68
8-Sep-2008	157.92
5-Sep-2008	160.18
4-Sep-2008	161.22
3-Sep-2008	166.96
2-Sep-2008	166.19
29-Aug-2008	169.53
28-Aug-2008	173.74
27-Aug-2008	174.67
26-Aug-2008	173.64
25-Aug-2008	172.55
22-Aug-2008	176.79
21-Aug-2008	174.29
20-Aug-2008	175.84
19-Aug-2008	173.53
18-Aug-2008	175.39
15-Aug-2008	175.74
14-Aug-2008	179.32
13-Aug-2008	179.30
12-Aug-2008	176.73
11-Aug-2008	173.56
8-Aug-2008	169.55
7-Aug-2008	163.57
6-Aug-2008	164.19
5-Aug-2008	160.64
4-Aug-2008	153.23
1-Aug-2008	156.66
31-Jul-2008	158.95
30-Jul-2008	159.88
29-Jul-2008	157.08
28-Jul-2008	154.40
25-Jul-2008	162.12
24-Jul-2008	159.03
23-Jul-2008	166.26
22-Jul-2008	162.02
21-Jul-2008	166.29
18-Jul-2008	165.15
17-Jul-2008	171.81
16-Jul-2008	172.81
15-Jul-2008	169.64
14-Jul-2008	173.88
11-Jul-2008	172.58
10-Jul-2008	176.63
9-Jul-2008	174.25
8-Jul-2008	179.55
7-Jul-2008	175.16
3-Jul-2008	170.12
2-Jul-2008	168.18
1-Jul-2008	174.68
30-Jun-2008	167.44
27-Jun-2008	170.09
26-Jun-2008	168.26
25-Jun-2008	177.39
24-Jun-2008	173.25
23-Jun-2008	173.16
20-Jun-2008	175.27
19-Jun-2008	180.90
18-Jun-2008	178.75
17-Jun-2008	181.43
16-Jun-2008	176.84
13-Jun-2008	172.37
12-Jun-2008	173.26
11-Jun-2008	180.81
10-Jun-2008	185.64
9-Jun-2008	181.61
6-Jun-2008	185.64
5-Jun-2008	189.43
4-Jun-2008	185.19
3-Jun-2008	185.37
2-Jun-2008	186.10
30-May-2008	188.75
29-May-2008	186.69
28-May-2008	187.01
27-May-2008	186.43
23-May-2008	181.17
22-May-2008	177.05
21-May-2008	178.19
20-May-2008	185.90
19-May-2008	183.60
16-May-2008	187.62
15-May-2008	189.73
14-May-2008	186.26
13-May-2008	189.96
12-May-2008	188.16
9-May-2008	183.45
8-May-2008	185.06
7-May-2008	182.59
6-May-2008	186.66
5-May-2008	184.73
2-May-2008	180.94
1-May-2008	180.00
30-Apr-2008	173.95
29-Apr-2008	175.05
28-Apr-2008	172.24
25-Apr-2008	169.73
24-Apr-2008	168.94
23-Apr-2008	162.89
22-Apr-2008	160.20
21-Apr-2008	168.16
18-Apr-2008	161.04
17-Apr-2008	154.49
16-Apr-2008	153.70
15-Apr-2008	148.38
14-Apr-2008	147.78
11-Apr-2008	147.14
10-Apr-2008	154.55
9-Apr-2008	151.44
8-Apr-2008	152.84
7-Apr-2008	155.89
4-Apr-2008	153.08
3-Apr-2008	151.61
2-Apr-2008	147.49
1-Apr-2008	149.53
31-Mar-2008	143.50
28-Mar-2008	143.01
27-Mar-2008	140.25
26-Mar-2008	145.06
25-Mar-2008	140.98
24-Mar-2008	139.53
20-Mar-2008	133.27
19-Mar-2008	129.67
18-Mar-2008	132.82
17-Mar-2008	126.73
14-Mar-2008	126.61
13-Mar-2008	127.94
12-Mar-2008	126.03
11-Mar-2008	127.35
10-Mar-2008	119.69
7-Mar-2008	122.25
6-Mar-2008	120.93
5-Mar-2008	124.49
4-Mar-2008	124.62
3-Mar-2008	121.73
29-Feb-2008	125.02
28-Feb-2008	129.91
27-Feb-2008	122.96
26-Feb-2008	119.15
25-Feb-2008	119.74
22-Feb-2008	119.46
21-Feb-2008	121.54
20-Feb-2008	123.82
19-Feb-2008	122.18
15-Feb-2008	124.63
14-Feb-2008	127.46
13-Feb-2008	129.40
12-Feb-2008	124.86
11-Feb-2008	129.45
8-Feb-2008	125.48
7-Feb-2008	121.24
6-Feb-2008	122.00
5-Feb-2008	129.36
4-Feb-2008	131.65
1-Feb-2008	133.75
31-Jan-2008	135.36
30-Jan-2008	132.18
29-Jan-2008	131.54
28-Jan-2008	130.01
25-Jan-2008	130.01
24-Jan-2008	135.60
23-Jan-2008	139.07
22-Jan-2008	155.64
18-Jan-2008	161.36
17-Jan-2008	160.89
16-Jan-2008	159.64
15-Jan-2008	169.04
14-Jan-2008	178.78
11-Jan-2008	172.69
10-Jan-2008	178.02
9-Jan-2008	179.40
8-Jan-2008	171.25
7-Jan-2008	177.64
4-Jan-2008	180.05
3-Jan-2008	194.93
2-Jan-2008	194.84
31-Dec-2007	198.08
28-Dec-2007	199.83
27-Dec-2007	198.57
26-Dec-2007	198.95
24-Dec-2007	198.80
21-Dec-2007	193.91
20-Dec-2007	187.21
19-Dec-2007	183.12
18-Dec-2007	182.98
17-Dec-2007	184.40
14-Dec-2007	190.39
13-Dec-2007	191.83
12-Dec-2007	190.86
11-Dec-2007	188.54
10-Dec-2007	194.21
7-Dec-2007	194.30
6-Dec-2007	189.95
5-Dec-2007	185.50
4-Dec-2007	179.81
3-Dec-2007	178.86
30-Nov-2007	182.22
29-Nov-2007	184.29
28-Nov-2007	180.22
27-Nov-2007	174.81
26-Nov-2007	172.54
23-Nov-2007	171.54
21-Nov-2007	168.46
20-Nov-2007	168.85
19-Nov-2007	163.95
16-Nov-2007	166.39
15-Nov-2007	164.30
14-Nov-2007	166.11
13-Nov-2007	169.96
12-Nov-2007	153.76
9-Nov-2007	165.37
8-Nov-2007	175.47
7-Nov-2007	186.30
6-Nov-2007	191.79
5-Nov-2007	186.18
2-Nov-2007	187.87
1-Nov-2007	187.44
31-Oct-2007	189.95
30-Oct-2007	187.00
29-Oct-2007	185.09
26-Oct-2007	184.70
25-Oct-2007	182.78
24-Oct-2007	185.93
23-Oct-2007	186.16
22-Oct-2007	174.36
19-Oct-2007	170.42
18-Oct-2007	173.50
17-Oct-2007	172.75
16-Oct-2007	169.58
15-Oct-2007	166.98
12-Oct-2007	167.25
11-Oct-2007	162.23
10-Oct-2007	166.79
9-Oct-2007	167.86
8-Oct-2007	167.91
5-Oct-2007	161.45
4-Oct-2007	156.24
3-Oct-2007	157.92
2-Oct-2007	158.45
1-Oct-2007	156.34
28-Sep-2007	153.47
27-Sep-2007	154.50
26-Sep-2007	152.77
25-Sep-2007	153.18
24-Sep-2007	148.28
21-Sep-2007	144.15
20-Sep-2007	140.31
19-Sep-2007	140.77
18-Sep-2007	140.92
17-Sep-2007	138.41
14-Sep-2007	138.81
13-Sep-2007	137.20
12-Sep-2007	136.85
11-Sep-2007	135.49
10-Sep-2007	136.71
7-Sep-2007	131.77
6-Sep-2007	135.01
5-Sep-2007	136.76
4-Sep-2007	144.16
31-Aug-2007	138.48
30-Aug-2007	136.25
29-Aug-2007	134.08
28-Aug-2007	126.82
27-Aug-2007	132.25
24-Aug-2007	135.30
23-Aug-2007	131.07
22-Aug-2007	132.51
21-Aug-2007	127.57
20-Aug-2007	122.22
17-Aug-2007	122.06
16-Aug-2007	117.05
15-Aug-2007	119.90
14-Aug-2007	124.03
13-Aug-2007	127.79
10-Aug-2007	125.00
9-Aug-2007	126.39
8-Aug-2007	134.01
7-Aug-2007	135.03
6-Aug-2007	135.25
3-Aug-2007	131.85
2-Aug-2007	136.49
1-Aug-2007	135.00
31-Jul-2007	131.76
30-Jul-2007	141.43
27-Jul-2007	143.85
26-Jul-2007	146.00
25-Jul-2007	137.26
24-Jul-2007	134.89
23-Jul-2007	143.70
20-Jul-2007	143.75
19-Jul-2007	140.00
18-Jul-2007	138.12
17-Jul-2007	138.91
16-Jul-2007	138.10
13-Jul-2007	137.73
12-Jul-2007	134.07
11-Jul-2007	132.39
10-Jul-2007	132.35
9-Jul-2007	130.33
6-Jul-2007	132.30
5-Jul-2007	132.75
3-Jul-2007	127.17
2-Jul-2007	121.26
29-Jun-2007	122.04
28-Jun-2007	120.56
27-Jun-2007	121.89
26-Jun-2007	119.65
25-Jun-2007	122.34
22-Jun-2007	123.00
21-Jun-2007	123.90
20-Jun-2007	121.55
19-Jun-2007	123.66
18-Jun-2007	125.09
15-Jun-2007	120.50
14-Jun-2007	118.75
13-Jun-2007	117.50
12-Jun-2007	120.38
11-Jun-2007	120.19
8-Jun-2007	124.49
7-Jun-2007	124.07
6-Jun-2007	123.64
5-Jun-2007	122.67
4-Jun-2007	121.33
1-Jun-2007	118.40
31-May-2007	121.19
30-May-2007	118.77
29-May-2007	114.35
25-May-2007	113.62
24-May-2007	110.69
23-May-2007	112.89
22-May-2007	113.54
21-May-2007	111.98
18-May-2007	110.02
17-May-2007	109.44
16-May-2007	107.34
15-May-2007	107.52
14-May-2007	109.36
11-May-2007	108.74
10-May-2007	107.34
9-May-2007	106.88
8-May-2007	105.06
7-May-2007	103.92
4-May-2007	100.81
3-May-2007	100.40
2-May-2007	100.39
1-May-2007	99.47
30-Apr-2007	99.80
27-Apr-2007	99.92
26-Apr-2007	98.84
25-Apr-2007	95.35
24-Apr-2007	93.24
